<?xml version="1.0" encoding="UTF-8"?>
<project-private xmlns="http://www.netbeans.org/ns/project-private/1">
    <editor-bookmarks xmlns="http://www.netbeans.org/ns/editor-bookmarks/2" lastBookmarkId="0"/>
    <open-files xmlns="http://www.netbeans.org/ns/projectui-open-files/2">
        <group>
            <file>file:/run/media/Datos/mariano/trabajo/docencia/ceu-boadilla/ingenieria/desarrollo_software/iac/analisisSentimental/src/modelos/AprendizajeAutomatico.java</file>
            <file>file:/run/media/Datos/mariano/trabajo/docencia/ceu-boadilla/ingenieria/desarrollo_software/iac/analisisSentimental/src/aplicacion/Principal.java</file>
            <file>file:/run/media/Datos/mariano/trabajo/docencia/ceu-boadilla/ingenieria/desarrollo_software/iac/analisisSentimental/src/modelos/MyStopWordHandler.java</file>
        </group>
    </open-files>
</project-private>
